1902260,AsseticBundle,symfony/AsseticBundle,Array,,https://github.com/symfony/AsseticBundle,,,https://api.github.com/repos/symfony/AsseticBundle,https://api.github.com/repos/symfony/AsseticBundle/forks,https://api.github.com/repos/symfony/AsseticBundle/keys{/key_id},https://api.github.com/repos/symfony/AsseticBundle/collaborators{/collaborator},https://api.github.com/repos/symfony/AsseticBundle/teams,https://api.github.com/repos/symfony/AsseticBundle/hooks,https://api.github.com/repos/symfony/AsseticBundle/issues/events{/number},https://api.github.com/repos/symfony/AsseticBundle/events,https://api.github.com/repos/symfony/AsseticBundle/assignees{/user},https://api.github.com/repos/symfony/AsseticBundle/branches{/branch},https://api.github.com/repos/symfony/AsseticBundle/tags,https://api.github.com/repos/symfony/AsseticBundle/git/blobs{/sha},https://api.github.com/repos/symfony/AsseticBundle/git/tags{/sha},https://api.github.com/repos/symfony/AsseticBundle/git/refs{/sha},https://api.github.com/repos/symfony/AsseticBundle/git/trees{/sha},https://api.github.com/repos/symfony/AsseticBundle/statuses/{sha},https://api.github.com/repos/symfony/AsseticBundle/languages,https://api.github.com/repos/symfony/AsseticBundle/stargazers,https://api.github.com/repos/symfony/AsseticBundle/contributors,https://api.github.com/repos/symfony/AsseticBundle/subscribers,https://api.github.com/repos/symfony/AsseticBundle/subscription,https://api.github.com/repos/symfony/AsseticBundle/commits{/sha},https://api.github.com/repos/symfony/AsseticBundle/git/commits{/sha},https://api.github.com/repos/symfony/AsseticBundle/comments{/number},https://api.github.com/repos/symfony/AsseticBundle/issues/comments{/number},https://api.github.com/repos/symfony/AsseticBundle/contents/{+path},https://api.github.com/repos/symfony/AsseticBundle/compare/{base}...{head},https://api.github.com/repos/symfony/AsseticBundle/merges,https://api.github.com/repos/symfony/AsseticBundle/{archive_format}{/ref},https://api.github.com/repos/symfony/AsseticBundle/downloads,https://api.github.com/repos/symfony/AsseticBundle/issues{/number},https://api.github.com/repos/symfony/AsseticBundle/pulls{/number},https://api.github.com/repos/symfony/AsseticBundle/milestones{/number},"https://api.github.com/repos/symfony/AsseticBundle/notifications{?since,all,participating}",https://api.github.com/repos/symfony/AsseticBundle/labels{/name},https://api.github.com/repos/symfony/AsseticBundle/releases{/id},2011-06-15T19:59:14Z,2015-03-06T18:51:14Z,2015-03-06T18:51:13Z,git://github.com/symfony/AsseticBundle.git,git@github.com:symfony/AsseticBundle.git,https://github.com/symfony/AsseticBundle.git,https://github.com/symfony/AsseticBundle,,2357,168,168,PHP,1,1,1,,166,,104,166,104,168,master,Array
1398628,BrowserKit,symfony/BrowserKit,Array,,https://github.com/symfony/BrowserKit,"[READ-ONLY] Subtree split of the Symfony BrowserKit Component -- clone into Symfony/Component/ (master at symfony/symfony)",,https://api.github.com/repos/symfony/BrowserKit,https://api.github.com/repos/symfony/BrowserKit/forks,https://api.github.com/repos/symfony/BrowserKit/keys{/key_id},https://api.github.com/repos/symfony/BrowserKit/collaborators{/collaborator},https://api.github.com/repos/symfony/BrowserKit/teams,https://api.github.com/repos/symfony/BrowserKit/hooks,https://api.github.com/repos/symfony/BrowserKit/issues/events{/number},https://api.github.com/repos/symfony/BrowserKit/events,https://api.github.com/repos/symfony/BrowserKit/assignees{/user},https://api.github.com/repos/symfony/BrowserKit/branches{/branch},https://api.github.com/repos/symfony/BrowserKit/tags,https://api.github.com/repos/symfony/BrowserKit/git/blobs{/sha},https://api.github.com/repos/symfony/BrowserKit/git/tags{/sha},https://api.github.com/repos/symfony/BrowserKit/git/refs{/sha},https://api.github.com/repos/symfony/BrowserKit/git/trees{/sha},https://api.github.com/repos/symfony/BrowserKit/statuses/{sha},https://api.github.com/repos/symfony/BrowserKit/languages,https://api.github.com/repos/symfony/BrowserKit/stargazers,https://api.github.com/repos/symfony/BrowserKit/contributors,https://api.github.com/repos/symfony/BrowserKit/subscribers,https://api.github.com/repos/symfony/BrowserKit/subscription,https://api.github.com/repos/symfony/BrowserKit/commits{/sha},https://api.github.com/repos/symfony/BrowserKit/git/commits{/sha},https://api.github.com/repos/symfony/BrowserKit/comments{/number},https://api.github.com/repos/symfony/BrowserKit/issues/comments{/number},https://api.github.com/repos/symfony/BrowserKit/contents/{+path},https://api.github.com/repos/symfony/BrowserKit/compare/{base}...{head},https://api.github.com/repos/symfony/BrowserKit/merges,https://api.github.com/repos/symfony/BrowserKit/{archive_format}{/ref},https://api.github.com/repos/symfony/BrowserKit/downloads,https://api.github.com/repos/symfony/BrowserKit/issues{/number},https://api.github.com/repos/symfony/BrowserKit/pulls{/number},https://api.github.com/repos/symfony/BrowserKit/milestones{/number},"https://api.github.com/repos/symfony/BrowserKit/notifications{?since,all,participating}",https://api.github.com/repos/symfony/BrowserKit/labels{/name},https://api.github.com/repos/symfony/BrowserKit/releases{/id},2011-02-22T17:59:52Z,2015-02-11T16:34:57Z,2015-03-12T17:55:41Z,git://github.com/symfony/BrowserKit.git,git@github.com:symfony/BrowserKit.git,https://github.com/symfony/BrowserKit.git,https://github.com/symfony/BrowserKit,http://symfony.com/,1082,24,24,PHP,,1,,,23,,1,23,1,24,master,Array
1398617,ClassLoader,symfony/ClassLoader,Array,,https://github.com/symfony/ClassLoader,"[READ-ONLY] Subtree split of the Symfony ClassLoader Component -- clone into Symfony/Component/ (master at symfony/symfony)",,https://api.github.com/repos/symfony/ClassLoader,https://api.github.com/repos/symfony/ClassLoader/forks,https://api.github.com/repos/symfony/ClassLoader/keys{/key_id},https://api.github.com/repos/symfony/ClassLoader/collaborators{/collaborator},https://api.github.com/repos/symfony/ClassLoader/teams,https://api.github.com/repos/symfony/ClassLoader/hooks,https://api.github.com/repos/symfony/ClassLoader/issues/events{/number},https://api.github.com/repos/symfony/ClassLoader/events,https://api.github.com/repos/symfony/ClassLoader/assignees{/user},https://api.github.com/repos/symfony/ClassLoader/branches{/branch},https://api.github.com/repos/symfony/ClassLoader/tags,https://api.github.com/repos/symfony/ClassLoader/git/blobs{/sha},https://api.github.com/repos/symfony/ClassLoader/git/tags{/sha},https://api.github.com/repos/symfony/ClassLoader/git/refs{/sha},https://api.github.com/repos/symfony/ClassLoader/git/trees{/sha},https://api.github.com/repos/symfony/ClassLoader/statuses/{sha},https://api.github.com/repos/symfony/ClassLoader/languages,https://api.github.com/repos/symfony/ClassLoader/stargazers,https://api.github.com/repos/symfony/ClassLoader/contributors,https://api.github.com/repos/symfony/ClassLoader/subscribers,https://api.github.com/repos/symfony/ClassLoader/subscription,https://api.github.com/repos/symfony/ClassLoader/commits{/sha},https://api.github.com/repos/symfony/ClassLoader/git/commits{/sha},https://api.github.com/repos/symfony/ClassLoader/comments{/number},https://api.github.com/repos/symfony/ClassLoader/issues/comments{/number},https://api.github.com/repos/symfony/ClassLoader/contents/{+path},https://api.github.com/repos/symfony/ClassLoader/compare/{base}...{head},https://api.github.com/repos/symfony/ClassLoader/merges,https://api.github.com/repos/symfony/ClassLoader/{archive_format}{/ref},https://api.github.com/repos/symfony/ClassLoader/downloads,https://api.github.com/repos/symfony/ClassLoader/issues{/number},https://api.github.com/repos/symfony/ClassLoader/pulls{/number},https://api.github.com/repos/symfony/ClassLoader/milestones{/number},"https://api.github.com/repos/symfony/ClassLoader/notifications{?since,all,participating}",https://api.github.com/repos/symfony/ClassLoader/labels{/name},https://api.github.com/repos/symfony/ClassLoader/releases{/id},2011-02-22T17:56:22Z,2015-02-21T14:24:08Z,2015-02-24T12:49:34Z,git://github.com/symfony/ClassLoader.git,git@github.com:symfony/ClassLoader.git,https://github.com/symfony/ClassLoader.git,https://github.com/symfony/ClassLoader,http://symfony.com/,1667,100,100,PHP,,1,,,34,,1,34,1,100,master,Array
1398629,Config,symfony/Config,Array,,https://github.com/symfony/Config,"[READ-ONLY] Subtree split of the Symfony Config Component -- clone into Symfony/Component/ (master at symfony/symfony)",,https://api.github.com/repos/symfony/Config,https://api.github.com/repos/symfony/Config/forks,https://api.github.com/repos/symfony/Config/keys{/key_id},https://api.github.com/repos/symfony/Config/collaborators{/collaborator},https://api.github.com/repos/symfony/Config/teams,https://api.github.com/repos/symfony/Config/hooks,https://api.github.com/repos/symfony/Config/issues/events{/number},https://api.github.com/repos/symfony/Config/events,https://api.github.com/repos/symfony/Config/assignees{/user},https://api.github.com/repos/symfony/Config/branches{/branch},https://api.github.com/repos/symfony/Config/tags,https://api.github.com/repos/symfony/Config/git/blobs{/sha},https://api.github.com/repos/symfony/Config/git/tags{/sha},https://api.github.com/repos/symfony/Config/git/refs{/sha},https://api.github.com/repos/symfony/Config/git/trees{/sha},https://api.github.com/repos/symfony/Config/statuses/{sha},https://api.github.com/repos/symfony/Config/languages,https://api.github.com/repos/symfony/Config/stargazers,https://api.github.com/repos/symfony/Config/contributors,https://api.github.com/repos/symfony/Config/subscribers,https://api.github.com/repos/symfony/Config/subscription,https://api.github.com/repos/symfony/Config/commits{/sha},https://api.github.com/repos/symfony/Config/git/commits{/sha},https://api.github.com/repos/symfony/Config/comments{/number},https://api.github.com/repos/symfony/Config/issues/comments{/number},https://api.github.com/repos/symfony/Config/contents/{+path},https://api.github.com/repos/symfony/Config/compare/{base}...{head},https://api.github.com/repos/symfony/Config/merges,https://api.github.com/repos/symfony/Config/{archive_format}{/ref},https://api.github.com/repos/symfony/Config/downloads,https://api.github.com/repos/symfony/Config/issues{/number},https://api.github.com/repos/symfony/Config/pulls{/number},https://api.github.com/repos/symfony/Config/milestones{/number},"https://api.github.com/repos/symfony/Config/notifications{?since,all,participating}",https://api.github.com/repos/symfony/Config/labels{/name},https://api.github.com/repos/symfony/Config/releases{/id},2011-02-22T18:00:14Z,2015-03-07T08:20:00Z,2015-03-12T14:43:01Z,git://github.com/symfony/Config.git,git@github.com:symfony/Config.git,https://github.com/symfony/Config.git,https://github.com/symfony/Config,http://symfony.com/,16558,29,29,PHP,,1,,,13,,0,13,0,29,master,Array
1398630,Console,symfony/Console,Array,,https://github.com/symfony/Console,"[READ-ONLY] Subtree split of the Symfony Console Component -- clone into Symfony/Component/ (master at symfony/symfony)",,https://api.github.com/repos/symfony/Console,https://api.github.com/repos/symfony/Console/forks,https://api.github.com/repos/symfony/Console/keys{/key_id},https://api.github.com/repos/symfony/Console/collaborators{/collaborator},https://api.github.com/repos/symfony/Console/teams,https://api.github.com/repos/symfony/Console/hooks,https://api.github.com/repos/symfony/Console/issues/events{/number},https://api.github.com/repos/symfony/Console/events,https://api.github.com/repos/symfony/Console/assignees{/user},https://api.github.com/repos/symfony/Console/branches{/branch},https://api.github.com/repos/symfony/Console/tags,https://api.github.com/repos/symfony/Console/git/blobs{/sha},https://api.github.com/repos/symfony/Console/git/tags{/sha},https://api.github.com/repos/symfony/Console/git/refs{/sha},https://api.github.com/repos/symfony/Console/git/trees{/sha},https://api.github.com/repos/symfony/Console/statuses/{sha},https://api.github.com/repos/symfony/Console/languages,https://api.github.com/repos/symfony/Console/stargazers,https://api.github.com/repos/symfony/Console/contributors,https://api.github.com/repos/symfony/Console/subscribers,https://api.github.com/repos/symfony/Console/subscription,https://api.github.com/repos/symfony/Console/commits{/sha},https://api.github.com/repos/symfony/Console/git/commits{/sha},https://api.github.com/repos/symfony/Console/comments{/number},https://api.github.com/repos/symfony/Console/issues/comments{/number},https://api.github.com/repos/symfony/Console/contents/{+path},https://api.github.com/repos/symfony/Console/compare/{base}...{head},https://api.github.com/repos/symfony/Console/merges,https://api.github.com/repos/symfony/Console/{archive_format}{/ref},https://api.github.com/repos/symfony/Console/downloads,https://api.github.com/repos/symfony/Console/issues{/number},https://api.github.com/repos/symfony/Console/pulls{/number},https://api.github.com/repos/symfony/Console/milestones{/number},"https://api.github.com/repos/symfony/Console/notifications{?since,all,participating}",https://api.github.com/repos/symfony/Console/labels{/name},https://api.github.com/repos/symfony/Console/releases{/id},2011-02-22T18:00:31Z,2015-03-08T14:10:18Z,2015-03-12T14:42:39Z,git://github.com/symfony/Console.git,git@github.com:symfony/Console.git,https://github.com/symfony/Console.git,https://github.com/symfony/Console,http://symfony.com/,4157,175,175,PHP,,1,,,64,,2,64,2,175,master,Array
1398634,CssSelector,symfony/CssSelector,Array,,https://github.com/symfony/CssSelector,"[READ-ONLY] Subtree split of the Symfony CssSelector Component -- clone into Symfony/Component/ (master at symfony/symfony)",,https://api.github.com/repos/symfony/CssSelector,https://api.github.com/repos/symfony/CssSelector/forks,https://api.github.com/repos/symfony/CssSelector/keys{/key_id},https://api.github.com/repos/symfony/CssSelector/collaborators{/collaborator},https://api.github.com/repos/symfony/CssSelector/teams,https://api.github.com/repos/symfony/CssSelector/hooks,https://api.github.com/repos/symfony/CssSelector/issues/events{/number},https://api.github.com/repos/symfony/CssSelector/events,https://api.github.com/repos/symfony/CssSelector/assignees{/user},https://api.github.com/repos/symfony/CssSelector/branches{/branch},https://api.github.com/repos/symfony/CssSelector/tags,https://api.github.com/repos/symfony/CssSelector/git/blobs{/sha},https://api.github.com/repos/symfony/CssSelector/git/tags{/sha},https://api.github.com/repos/symfony/CssSelector/git/refs{/sha},https://api.github.com/repos/symfony/CssSelector/git/trees{/sha},https://api.github.com/repos/symfony/CssSelector/statuses/{sha},https://api.github.com/repos/symfony/CssSelector/languages,https://api.github.com/repos/symfony/CssSelector/stargazers,https://api.github.com/repos/symfony/CssSelector/contributors,https://api.github.com/repos/symfony/CssSelector/subscribers,https://api.github.com/repos/symfony/CssSelector/subscription,https://api.github.com/repos/symfony/CssSelector/commits{/sha},https://api.github.com/repos/symfony/CssSelector/git/commits{/sha},https://api.github.com/repos/symfony/CssSelector/comments{/number},https://api.github.com/repos/symfony/CssSelector/issues/comments{/number},https://api.github.com/repos/symfony/CssSelector/contents/{+path},https://api.github.com/repos/symfony/CssSelector/compare/{base}...{head},https://api.github.com/repos/symfony/CssSelector/merges,https://api.github.com/repos/symfony/CssSelector/{archive_format}{/ref},https://api.github.com/repos/symfony/CssSelector/downloads,https://api.github.com/repos/symfony/CssSelector/issues{/number},https://api.github.com/repos/symfony/CssSelector/pulls{/number},https://api.github.com/repos/symfony/CssSelector/milestones{/number},"https://api.github.com/repos/symfony/CssSelector/notifications{?since,all,participating}",https://api.github.com/repos/symfony/CssSelector/labels{/name},https://api.github.com/repos/symfony/CssSelector/releases{/id},2011-02-22T18:01:24Z,2015-03-08T08:59:07Z,2015-02-24T14:25:17Z,git://github.com/symfony/CssSelector.git,git@github.com:symfony/CssSelector.git,https://github.com/symfony/CssSelector.git,https://github.com/symfony/CssSelector,http://symfony.com/,1443,43,43,PHP,,1,,,9,,1,9,1,43,master,Array
1398636,DependencyInjection,symfony/DependencyInjection,Array,,https://github.com/symfony/DependencyInjection,"[READ-ONLY] Subtree split of the Symfony DependencyInjection Component -- clone into Symfony/Component/ (master at symfony/symfony)",,https://api.github.com/repos/symfony/DependencyInjection,https://api.github.com/repos/symfony/DependencyInjection/forks,https://api.github.com/repos/symfony/DependencyInjection/keys{/key_id},https://api.github.com/repos/symfony/DependencyInjection/collaborators{/collaborator},https://api.github.com/repos/symfony/DependencyInjection/teams,https://api.github.com/repos/symfony/DependencyInjection/hooks,https://api.github.com/repos/symfony/DependencyInjection/issues/events{/number},https://api.github.com/repos/symfony/DependencyInjection/events,https://api.github.com/repos/symfony/DependencyInjection/assignees{/user},https://api.github.com/repos/symfony/DependencyInjection/branches{/branch},https://api.github.com/repos/symfony/DependencyInjection/tags,https://api.github.com/repos/symfony/DependencyInjection/git/blobs{/sha},https://api.github.com/repos/symfony/DependencyInjection/git/tags{/sha},https://api.github.com/repos/symfony/DependencyInjection/git/refs{/sha},https://api.github.com/repos/symfony/DependencyInjection/git/trees{/sha},https://api.github.com/repos/symfony/DependencyInjection/statuses/{sha},https://api.github.com/repos/symfony/DependencyInjection/languages,https://api.github.com/repos/symfony/DependencyInjection/stargazers,https://api.github.com/repos/symfony/DependencyInjection/contributors,https://api.github.com/repos/symfony/DependencyInjection/subscribers,https://api.github.com/repos/symfony/DependencyInjection/subscription,https://api.github.com/repos/symfony/DependencyInjection/commits{/sha},https://api.github.com/repos/symfony/DependencyInjection/git/commits{/sha},https://api.github.com/repos/symfony/DependencyInjection/comments{/number},https://api.github.com/repos/symfony/DependencyInjection/issues/comments{/number},https://api.github.com/repos/symfony/DependencyInjection/contents/{+path},https://api.github.com/repos/symfony/DependencyInjection/compare/{base}...{head},https://api.github.com/repos/symfony/DependencyInjection/merges,https://api.github.com/repos/symfony/DependencyInjection/{archive_format}{/ref},https://api.github.com/repos/symfony/DependencyInjection/downloads,https://api.github.com/repos/symfony/DependencyInjection/issues{/number},https://api.github.com/repos/symfony/DependencyInjection/pulls{/number},https://api.github.com/repos/symfony/DependencyInjection/milestones{/number},"https://api.github.com/repos/symfony/DependencyInjection/notifications{?since,all,participating}",https://api.github.com/repos/symfony/DependencyInjection/labels{/name},https://api.github.com/repos/symfony/DependencyInjection/releases{/id},2011-02-22T18:01:53Z,2015-03-07T08:05:24Z,2015-03-12T14:49:17Z,git://github.com/symfony/DependencyInjection.git,git@github.com:symfony/DependencyInjection.git,https://github.com/symfony/DependencyInjection.git,https://github.com/symfony/DependencyInjection,http://symfony.com/,3628,63,63,PHP,,1,,,20,,1,20,1,63,master,Array
2641391,DoctrineBridge,symfony/DoctrineBridge,Array,,https://github.com/symfony/DoctrineBridge,"[READ-ONLY] Subtree split of the Symfony Doctrine Bridge -- clone into Symfony/Bridge/Doctrine (master at symfony/symfony)",,https://api.github.com/repos/symfony/DoctrineBridge,https://api.github.com/repos/symfony/DoctrineBridge/forks,https://api.github.com/repos/symfony/DoctrineBridge/keys{/key_id},https://api.github.com/repos/symfony/DoctrineBridge/collaborators{/collaborator},https://api.github.com/repos/symfony/DoctrineBridge/teams,https://api.github.com/repos/symfony/DoctrineBridge/hooks,https://api.github.com/repos/symfony/DoctrineBridge/issues/events{/number},https://api.github.com/repos/symfony/DoctrineBridge/events,https://api.github.com/repos/symfony/DoctrineBridge/assignees{/user},https://api.github.com/repos/symfony/DoctrineBridge/branches{/branch},https://api.github.com/repos/symfony/DoctrineBridge/tags,https://api.github.com/repos/symfony/DoctrineBridge/git/blobs{/sha},https://api.github.com/repos/symfony/DoctrineBridge/git/tags{/sha},https://api.github.com/repos/symfony/DoctrineBridge/git/refs{/sha},https://api.github.com/repos/symfony/DoctrineBridge/git/trees{/sha},https://api.github.com/repos/symfony/DoctrineBridge/statuses/{sha},https://api.github.com/repos/symfony/DoctrineBridge/languages,https://api.github.com/repos/symfony/DoctrineBridge/stargazers,https://api.github.com/repos/symfony/DoctrineBridge/contributors,https://api.github.com/repos/symfony/DoctrineBridge/subscribers,https://api.github.com/repos/symfony/DoctrineBridge/subscription,https://api.github.com/repos/symfony/DoctrineBridge/commits{/sha},https://api.github.com/repos/symfony/DoctrineBridge/git/commits{/sha},https://api.github.com/repos/symfony/DoctrineBridge/comments{/number},https://api.github.com/repos/symfony/DoctrineBridge/issues/comments{/number},https://api.github.com/repos/symfony/DoctrineBridge/contents/{+path},https://api.github.com/repos/symfony/DoctrineBridge/compare/{base}...{head},https://api.github.com/repos/symfony/DoctrineBridge/merges,https://api.github.com/repos/symfony/DoctrineBridge/{archive_format}{/ref},https://api.github.com/repos/symfony/DoctrineBridge/downloads,https://api.github.com/repos/symfony/DoctrineBridge/issues{/number},https://api.github.com/repos/symfony/DoctrineBridge/pulls{/number},https://api.github.com/repos/symfony/DoctrineBridge/milestones{/number},"https://api.github.com/repos/symfony/DoctrineBridge/notifications{?since,all,participating}",https://api.github.com/repos/symfony/DoctrineBridge/labels{/name},https://api.github.com/repos/symfony/DoctrineBridge/releases{/id},2011-10-25T05:23:52Z,2015-03-02T10:28:22Z,2015-03-12T14:57:17Z,git://github.com/symfony/DoctrineBridge.git,git@github.com:symfony/DoctrineBridge.git,https://github.com/symfony/DoctrineBridge.git,https://github.com/symfony/DoctrineBridge,symfony.com,1931,3,3,PHP,,1,,,6,,0,6,0,3,master,Array
1398638,DomCrawler,symfony/DomCrawler,Array,,https://github.com/symfony/DomCrawler,"[READ-ONLY] Subtree split of the Symfony DomCrawler Component -- clone into Symfony/Component/ (master at symfony/symfony)",,https://api.github.com/repos/symfony/DomCrawler,https://api.github.com/repos/symfony/DomCrawler/forks,https://api.github.com/repos/symfony/DomCrawler/keys{/key_id},https://api.github.com/repos/symfony/DomCrawler/collaborators{/collaborator},https://api.github.com/repos/symfony/DomCrawler/teams,https://api.github.com/repos/symfony/DomCrawler/hooks,https://api.github.com/repos/symfony/DomCrawler/issues/events{/number},https://api.github.com/repos/symfony/DomCrawler/events,https://api.github.com/repos/symfony/DomCrawler/assignees{/user},https://api.github.com/repos/symfony/DomCrawler/branches{/branch},https://api.github.com/repos/symfony/DomCrawler/tags,https://api.github.com/repos/symfony/DomCrawler/git/blobs{/sha},https://api.github.com/repos/symfony/DomCrawler/git/tags{/sha},https://api.github.com/repos/symfony/DomCrawler/git/refs{/sha},https://api.github.com/repos/symfony/DomCrawler/git/trees{/sha},https://api.github.com/repos/symfony/DomCrawler/statuses/{sha},https://api.github.com/repos/symfony/DomCrawler/languages,https://api.github.com/repos/symfony/DomCrawler/stargazers,https://api.github.com/repos/symfony/DomCrawler/contributors,https://api.github.com/repos/symfony/DomCrawler/subscribers,https://api.github.com/repos/symfony/DomCrawler/subscription,https://api.github.com/repos/symfony/DomCrawler/commits{/sha},https://api.github.com/repos/symfony/DomCrawler/git/commits{/sha},https://api.github.com/repos/symfony/DomCrawler/comments{/number},https://api.github.com/repos/symfony/DomCrawler/issues/comments{/number},https://api.github.com/repos/symfony/DomCrawler/contents/{+path},https://api.github.com/repos/symfony/DomCrawler/compare/{base}...{head},https://api.github.com/repos/symfony/DomCrawler/merges,https://api.github.com/repos/symfony/DomCrawler/{archive_format}{/ref},https://api.github.com/repos/symfony/DomCrawler/downloads,https://api.github.com/repos/symfony/DomCrawler/issues{/number},https://api.github.com/repos/symfony/DomCrawler/pulls{/number},https://api.github.com/repos/symfony/DomCrawler/milestones{/number},"https://api.github.com/repos/symfony/DomCrawler/notifications{?since,all,participating}",https://api.github.com/repos/symfony/DomCrawler/labels{/name},https://api.github.com/repos/symfony/DomCrawler/releases{/id},2011-02-22T18:02:15Z,2015-03-09T08:41:04Z,2015-03-12T14:49:27Z,git://github.com/symfony/DomCrawler.git,git@github.com:symfony/DomCrawler.git,https://github.com/symfony/DomCrawler.git,https://github.com/symfony/DomCrawler,http://symfony.com/,2243,142,142,PHP,,1,,,38,,2,38,2,142,master,Array
1398640,EventDispatcher,symfony/EventDispatcher,Array,,https://github.com/symfony/EventDispatcher,"[READ-ONLY] Subtree split of the Symfony EventDispatcher Component -- clone into Symfony/Component/ (master at symfony/symfony)",,https://api.github.com/repos/symfony/EventDispatcher,https://api.github.com/repos/symfony/EventDispatcher/forks,https://api.github.com/repos/symfony/EventDispatcher/keys{/key_id},https://api.github.com/repos/symfony/EventDispatcher/collaborators{/collaborator},https://api.github.com/repos/symfony/EventDispatcher/teams,https://api.github.com/repos/symfony/EventDispatcher/hooks,https://api.github.com/repos/symfony/EventDispatcher/issues/events{/number},https://api.github.com/repos/symfony/EventDispatcher/events,https://api.github.com/repos/symfony/EventDispatcher/assignees{/user},https://api.github.com/repos/symfony/EventDispatcher/branches{/branch},https://api.github.com/repos/symfony/EventDispatcher/tags,https://api.github.com/repos/symfony/EventDispatcher/git/blobs{/sha},https://api.github.com/repos/symfony/EventDispatcher/git/tags{/sha},https://api.github.com/repos/symfony/EventDispatcher/git/refs{/sha},https://api.github.com/repos/symfony/EventDispatcher/git/trees{/sha},https://api.github.com/repos/symfony/EventDispatcher/statuses/{sha},https://api.github.com/repos/symfony/EventDispatcher/languages,https://api.github.com/repos/symfony/EventDispatcher/stargazers,https://api.github.com/repos/symfony/EventDispatcher/contributors,https://api.github.com/repos/symfony/EventDispatcher/subscribers,https://api.github.com/repos/symfony/EventDispatcher/subscription,https://api.github.com/repos/symfony/EventDispatcher/commits{/sha},https://api.github.com/repos/symfony/EventDispatcher/git/commits{/sha},https://api.github.com/repos/symfony/EventDispatcher/comments{/number},https://api.github.com/repos/symfony/EventDispatcher/issues/comments{/number},https://api.github.com/repos/symfony/EventDispatcher/contents/{+path},https://api.github.com/repos/symfony/EventDispatcher/compare/{base}...{head},https://api.github.com/repos/symfony/EventDispatcher/merges,https://api.github.com/repos/symfony/EventDispatcher/{archive_format}{/ref},https://api.github.com/repos/symfony/EventDispatcher/downloads,https://api.github.com/repos/symfony/EventDispatcher/issues{/number},https://api.github.com/repos/symfony/EventDispatcher/pulls{/number},https://api.github.com/repos/symfony/EventDispatcher/milestones{/number},"https://api.github.com/repos/symfony/EventDispatcher/notifications{?since,all,participating}",https://api.github.com/repos/symfony/EventDispatcher/labels{/name},https://api.github.com/repos/symfony/EventDispatcher/releases{/id},2011-02-22T18:02:40Z,2015-02-23T19:21:13Z,2015-02-24T13:59:14Z,git://github.com/symfony/EventDispatcher.git,git@github.com:symfony/EventDispatcher.git,https://github.com/symfony/EventDispatcher.git,https://github.com/symfony/EventDispatcher,http://symfony.com/,1400,84,84,PHP,,1,,,23,,0,23,0,84,master,Array
1398641,Finder,symfony/Finder,Array,,https://github.com/symfony/Finder,"[READ-ONLY] Subtree split of the Symfony Finder Component -- clone into Symfony/Component/ (master at symfony/symfony)",,https://api.github.com/repos/symfony/Finder,https://api.github.com/repos/symfony/Finder/forks,https://api.github.com/repos/symfony/Finder/keys{/key_id},https://api.github.com/repos/symfony/Finder/collaborators{/collaborator},https://api.github.com/repos/symfony/Finder/teams,https://api.github.com/repos/symfony/Finder/hooks,https://api.github.com/repos/symfony/Finder/issues/events{/number},https://api.github.com/repos/symfony/Finder/events,https://api.github.com/repos/symfony/Finder/assignees{/user},https://api.github.com/repos/symfony/Finder/branches{/branch},https://api.github.com/repos/symfony/Finder/tags,https://api.github.com/repos/symfony/Finder/git/blobs{/sha},https://api.github.com/repos/symfony/Finder/git/tags{/sha},https://api.github.com/repos/symfony/Finder/git/refs{/sha},https://api.github.com/repos/symfony/Finder/git/trees{/sha},https://api.github.com/repos/symfony/Finder/statuses/{sha},https://api.github.com/repos/symfony/Finder/languages,https://api.github.com/repos/symfony/Finder/stargazers,https://api.github.com/repos/symfony/Finder/contributors,https://api.github.com/repos/symfony/Finder/subscribers,https://api.github.com/repos/symfony/Finder/subscription,https://api.github.com/repos/symfony/Finder/commits{/sha},https://api.github.com/repos/symfony/Finder/git/commits{/sha},https://api.github.com/repos/symfony/Finder/comments{/number},https://api.github.com/repos/symfony/Finder/issues/comments{/number},https://api.github.com/repos/symfony/Finder/contents/{+path},https://api.github.com/repos/symfony/Finder/compare/{base}...{head},https://api.github.com/repos/symfony/Finder/merges,https://api.github.com/repos/symfony/Finder/{archive_format}{/ref},https://api.github.com/repos/symfony/Finder/downloads,https://api.github.com/repos/symfony/Finder/issues{/number},https://api.github.com/repos/symfony/Finder/pulls{/number},https://api.github.com/repos/symfony/Finder/milestones{/number},"https://api.github.com/repos/symfony/Finder/notifications{?since,all,participating}",https://api.github.com/repos/symfony/Finder/labels{/name},https://api.github.com/repos/symfony/Finder/releases{/id},2011-02-22T18:03:01Z,2015-02-25T11:48:11Z,2015-03-12T15:04:58Z,git://github.com/symfony/Finder.git,git@github.com:symfony/Finder.git,https://github.com/symfony/Finder.git,https://github.com/symfony/Finder,http://symfony.com/,1778,78,78,PHP,,1,,,13,,0,13,0,78,master,Array
1398645,Form,symfony/Form,Array,,https://github.com/symfony/Form,"[READ-ONLY] Subtree split of the Symfony Form Component -- clone into Symfony/Component/ (master at symfony/symfony)",,https://api.github.com/repos/symfony/Form,https://api.github.com/repos/symfony/Form/forks,https://api.github.com/repos/symfony/Form/keys{/key_id},https://api.github.com/repos/symfony/Form/collaborators{/collaborator},https://api.github.com/repos/symfony/Form/teams,https://api.github.com/repos/symfony/Form/hooks,https://api.github.com/repos/symfony/Form/issues/events{/number},https://api.github.com/repos/symfony/Form/events,https://api.github.com/repos/symfony/Form/assignees{/user},https://api.github.com/repos/symfony/Form/branches{/branch},https://api.github.com/repos/symfony/Form/tags,https://api.github.com/repos/symfony/Form/git/blobs{/sha},https://api.github.com/repos/symfony/Form/git/tags{/sha},https://api.github.com/repos/symfony/Form/git/refs{/sha},https://api.github.com/repos/symfony/Form/git/trees{/sha},https://api.github.com/repos/symfony/Form/statuses/{sha},https://api.github.com/repos/symfony/Form/languages,https://api.github.com/repos/symfony/Form/stargazers,https://api.github.com/repos/symfony/Form/contributors,https://api.github.com/repos/symfony/Form/subscribers,https://api.github.com/repos/symfony/Form/subscription,https://api.github.com/repos/symfony/Form/commits{/sha},https://api.github.com/repos/symfony/Form/git/commits{/sha},https://api.github.com/repos/symfony/Form/comments{/number},https://api.github.com/repos/symfony/Form/issues/comments{/number},https://api.github.com/repos/symfony/Form/contents/{+path},https://api.github.com/repos/symfony/Form/compare/{base}...{head},https://api.github.com/repos/symfony/Form/merges,https://api.github.com/repos/symfony/Form/{archive_format}{/ref},https://api.github.com/repos/symfony/Form/downloads,https://api.github.com/repos/symfony/Form/issues{/number},https://api.github.com/repos/symfony/Form/pulls{/number},https://api.github.com/repos/symfony/Form/milestones{/number},"https://api.github.com/repos/symfony/Form/notifications{?since,all,participating}",https://api.github.com/repos/symfony/Form/labels{/name},https://api.github.com/repos/symfony/Form/releases{/id},2011-02-22T18:03:23Z,2015-03-07T08:39:21Z,2015-03-12T14:52:22Z,git://github.com/symfony/Form.git,git@github.com:symfony/Form.git,https://github.com/symfony/Form.git,https://github.com/symfony/Form,http://symfony.com/,29775,68,68,PHP,,1,,,39,,3,39,3,68,master,Array
1398648,HttpFoundation,symfony/HttpFoundation,Array,,https://github.com/symfony/HttpFoundation,"[READ-ONLY] Subtree split of the Symfony HttpFoundation Component -- clone into Symfony/Component/ (master at symfony/symfony)",,https://api.github.com/repos/symfony/HttpFoundation,https://api.github.com/repos/symfony/HttpFoundation/forks,https://api.github.com/repos/symfony/HttpFoundation/keys{/key_id},https://api.github.com/repos/symfony/HttpFoundation/collaborators{/collaborator},https://api.github.com/repos/symfony/HttpFoundation/teams,https://api.github.com/repos/symfony/HttpFoundation/hooks,https://api.github.com/repos/symfony/HttpFoundation/issues/events{/number},https://api.github.com/repos/symfony/HttpFoundation/events,https://api.github.com/repos/symfony/HttpFoundation/assignees{/user},https://api.github.com/repos/symfony/HttpFoundation/branches{/branch},https://api.github.com/repos/symfony/HttpFoundation/tags,https://api.github.com/repos/symfony/HttpFoundation/git/blobs{/sha},https://api.github.com/repos/symfony/HttpFoundation/git/tags{/sha},https://api.github.com/repos/symfony/HttpFoundation/git/refs{/sha},https://api.github.com/repos/symfony/HttpFoundation/git/trees{/sha},https://api.github.com/repos/symfony/HttpFoundation/statuses/{sha},https://api.github.com/repos/symfony/HttpFoundation/languages,https://api.github.com/repos/symfony/HttpFoundation/stargazers,https://api.github.com/repos/symfony/HttpFoundation/contributors,https://api.github.com/repos/symfony/HttpFoundation/subscribers,https://api.github.com/repos/symfony/HttpFoundation/subscription,https://api.github.com/repos/symfony/HttpFoundation/commits{/sha},https://api.github.com/repos/symfony/HttpFoundation/git/commits{/sha},https://api.github.com/repos/symfony/HttpFoundation/comments{/number},https://api.github.com/repos/symfony/HttpFoundation/issues/comments{/number},https://api.github.com/repos/symfony/HttpFoundation/contents/{+path},https://api.github.com/repos/symfony/HttpFoundation/compare/{base}...{head},https://api.github.com/repos/symfony/HttpFoundation/merges,https://api.github.com/repos/symfony/HttpFoundation/{archive_format}{/ref},https://api.github.com/repos/symfony/HttpFoundation/downloads,https://api.github.com/repos/symfony/HttpFoundation/issues{/number},https://api.github.com/repos/symfony/HttpFoundation/pulls{/number},https://api.github.com/repos/symfony/HttpFoundation/milestones{/number},"https://api.github.com/repos/symfony/HttpFoundation/notifications{?since,all,participating}",https://api.github.com/repos/symfony/HttpFoundation/labels{/name},https://api.github.com/repos/symfony/HttpFoundation/releases{/id},2011-02-22T18:03:45Z,2015-03-10T09:31:29Z,2015-03-12T14:44:18Z,git://github.com/symfony/HttpFoundation.git,git@github.com:symfony/HttpFoundation.git,https://github.com/symfony/HttpFoundation.git,https://github.com/symfony/HttpFoundation,http://symfony.com/,4982,144,144,PHP,,1,,,60,,3,60,3,144,master,Array
1398651,HttpKernel,symfony/HttpKernel,Array,,https://github.com/symfony/HttpKernel,"[READ-ONLY] Subtree split of the Symfony HttpKernel Component -- clone into Symfony/Component/ (master at symfony/symfony)",,https://api.github.com/repos/symfony/HttpKernel,https://api.github.com/repos/symfony/HttpKernel/forks,https://api.github.com/repos/symfony/HttpKernel/keys{/key_id},https://api.github.com/repos/symfony/HttpKernel/collaborators{/collaborator},https://api.github.com/repos/symfony/HttpKernel/teams,https://api.github.com/repos/symfony/HttpKernel/hooks,https://api.github.com/repos/symfony/HttpKernel/issues/events{/number},https://api.github.com/repos/symfony/HttpKernel/events,https://api.github.com/repos/symfony/HttpKernel/assignees{/user},https://api.github.com/repos/symfony/HttpKernel/branches{/branch},https://api.github.com/repos/symfony/HttpKernel/tags,https://api.github.com/repos/symfony/HttpKernel/git/blobs{/sha},https://api.github.com/repos/symfony/HttpKernel/git/tags{/sha},https://api.github.com/repos/symfony/HttpKernel/git/refs{/sha},https://api.github.com/repos/symfony/HttpKernel/git/trees{/sha},https://api.github.com/repos/symfony/HttpKernel/statuses/{sha},https://api.github.com/repos/symfony/HttpKernel/languages,https://api.github.com/repos/symfony/HttpKernel/stargazers,https://api.github.com/repos/symfony/HttpKernel/contributors,https://api.github.com/repos/symfony/HttpKernel/subscribers,https://api.github.com/repos/symfony/HttpKernel/subscription,https://api.github.com/repos/symfony/HttpKernel/commits{/sha},https://api.github.com/repos/symfony/HttpKernel/git/commits{/sha},https://api.github.com/repos/symfony/HttpKernel/comments{/number},https://api.github.com/repos/symfony/HttpKernel/issues/comments{/number},https://api.github.com/repos/symfony/HttpKernel/contents/{+path},https://api.github.com/repos/symfony/HttpKernel/compare/{base}...{head},https://api.github.com/repos/symfony/HttpKernel/merges,https://api.github.com/repos/symfony/HttpKernel/{archive_format}{/ref},https://api.github.com/repos/symfony/HttpKernel/downloads,https://api.github.com/repos/symfony/HttpKernel/issues{/number},https://api.github.com/repos/symfony/HttpKernel/pulls{/number},https://api.github.com/repos/symfony/HttpKernel/milestones{/number},"https://api.github.com/repos/symfony/HttpKernel/notifications{?since,all,participating}",https://api.github.com/repos/symfony/HttpKernel/labels{/name},https://api.github.com/repos/symfony/HttpKernel/releases{/id},2011-02-22T18:04:06Z,2015-03-07T08:47:40Z,2015-03-12T15:02:05Z,git://github.com/symfony/HttpKernel.git,git@github.com:symfony/HttpKernel.git,https://github.com/symfony/HttpKernel.git,https://github.com/symfony/HttpKernel,http://symfony.com/,5582,56,56,PHP,,1,,,10,,0,10,0,56,master,Array
1398654,Locale,symfony/Locale,Array,,https://github.com/symfony/Locale,"[READ-ONLY] Subtree split of the Symfony Locale Component -- clone into Symfony/Component/ (master at symfony/symfony)",,https://api.github.com/repos/symfony/Locale,https://api.github.com/repos/symfony/Locale/forks,https://api.github.com/repos/symfony/Locale/keys{/key_id},https://api.github.com/repos/symfony/Locale/collaborators{/collaborator},https://api.github.com/repos/symfony/Locale/teams,https://api.github.com/repos/symfony/Locale/hooks,https://api.github.com/repos/symfony/Locale/issues/events{/number},https://api.github.com/repos/symfony/Locale/events,https://api.github.com/repos/symfony/Locale/assignees{/user},https://api.github.com/repos/symfony/Locale/branches{/branch},https://api.github.com/repos/symfony/Locale/tags,https://api.github.com/repos/symfony/Locale/git/blobs{/sha},https://api.github.com/repos/symfony/Locale/git/tags{/sha},https://api.github.com/repos/symfony/Locale/git/refs{/sha},https://api.github.com/repos/symfony/Locale/git/trees{/sha},https://api.github.com/repos/symfony/Locale/statuses/{sha},https://api.github.com/repos/symfony/Locale/languages,https://api.github.com/repos/symfony/Locale/stargazers,https://api.github.com/repos/symfony/Locale/contributors,https://api.github.com/repos/symfony/Locale/subscribers,https://api.github.com/repos/symfony/Locale/subscription,https://api.github.com/repos/symfony/Locale/commits{/sha},https://api.github.com/repos/symfony/Locale/git/commits{/sha},https://api.github.com/repos/symfony/Locale/comments{/number},https://api.github.com/repos/symfony/Locale/issues/comments{/number},https://api.github.com/repos/symfony/Locale/contents/{+path},https://api.github.com/repos/symfony/Locale/compare/{base}...{head},https://api.github.com/repos/symfony/Locale/merges,https://api.github.com/repos/symfony/Locale/{archive_format}{/ref},https://api.github.com/repos/symfony/Locale/downloads,https://api.github.com/repos/symfony/Locale/issues{/number},https://api.github.com/repos/symfony/Locale/pulls{/number},https://api.github.com/repos/symfony/Locale/milestones{/number},"https://api.github.com/repos/symfony/Locale/notifications{?since,all,participating}",https://api.github.com/repos/symfony/Locale/labels{/name},https://api.github.com/repos/symfony/Locale/releases{/id},2011-02-22T18:04:22Z,2015-02-21T14:11:24Z,2015-02-24T13:00:36Z,git://github.com/symfony/Locale.git,git@github.com:symfony/Locale.git,https://github.com/symfony/Locale.git,https://github.com/symfony/Locale,http://symfony.com/,4993,9,9,PHP,,1,,,4,,0,4,0,9,master,Array
1398656,Process,symfony/Process,Array,,https://github.com/symfony/Process,"[READ-ONLY] Subtree split of the Symfony Process Component -- clone into Symfony/Component/ (master at symfony/symfony)",,https://api.github.com/repos/symfony/Process,https://api.github.com/repos/symfony/Process/forks,https://api.github.com/repos/symfony/Process/keys{/key_id},https://api.github.com/repos/symfony/Process/collaborators{/collaborator},https://api.github.com/repos/symfony/Process/teams,https://api.github.com/repos/symfony/Process/hooks,https://api.github.com/repos/symfony/Process/issues/events{/number},https://api.github.com/repos/symfony/Process/events,https://api.github.com/repos/symfony/Process/assignees{/user},https://api.github.com/repos/symfony/Process/branches{/branch},https://api.github.com/repos/symfony/Process/tags,https://api.github.com/repos/symfony/Process/git/blobs{/sha},https://api.github.com/repos/symfony/Process/git/tags{/sha},https://api.github.com/repos/symfony/Process/git/refs{/sha},https://api.github.com/repos/symfony/Process/git/trees{/sha},https://api.github.com/repos/symfony/Process/statuses/{sha},https://api.github.com/repos/symfony/Process/languages,https://api.github.com/repos/symfony/Process/stargazers,https://api.github.com/repos/symfony/Process/contributors,https://api.github.com/repos/symfony/Process/subscribers,https://api.github.com/repos/symfony/Process/subscription,https://api.github.com/repos/symfony/Process/commits{/sha},https://api.github.com/repos/symfony/Process/git/commits{/sha},https://api.github.com/repos/symfony/Process/comments{/number},https://api.github.com/repos/symfony/Process/issues/comments{/number},https://api.github.com/repos/symfony/Process/contents/{+path},https://api.github.com/repos/symfony/Process/compare/{base}...{head},https://api.github.com/repos/symfony/Process/merges,https://api.github.com/repos/symfony/Process/{archive_format}{/ref},https://api.github.com/repos/symfony/Process/downloads,https://api.github.com/repos/symfony/Process/issues{/number},https://api.github.com/repos/symfony/Process/pulls{/number},https://api.github.com/repos/symfony/Process/milestones{/number},"https://api.github.com/repos/symfony/Process/notifications{?since,all,participating}",https://api.github.com/repos/symfony/Process/labels{/name},https://api.github.com/repos/symfony/Process/releases{/id},2011-02-22T18:04:37Z,2015-03-10T15:01:53Z,2015-03-12T14:56:58Z,git://github.com/symfony/Process.git,git@github.com:symfony/Process.git,https://github.com/symfony/Process.git,https://github.com/symfony/Process,http://symfony.com/,2289,101,101,PHP,,1,,,32,,0,32,0,101,master,Array
1398660,Routing,symfony/Routing,Array,,https://github.com/symfony/Routing,"[READ-ONLY] Subtree split of the Symfony Routing Component -- clone into Symfony/Component/ (master at symfony/symfony)",,https://api.github.com/repos/symfony/Routing,https://api.github.com/repos/symfony/Routing/forks,https://api.github.com/repos/symfony/Routing/keys{/key_id},https://api.github.com/repos/symfony/Routing/collaborators{/collaborator},https://api.github.com/repos/symfony/Routing/teams,https://api.github.com/repos/symfony/Routing/hooks,https://api.github.com/repos/symfony/Routing/issues/events{/number},https://api.github.com/repos/symfony/Routing/events,https://api.github.com/repos/symfony/Routing/assignees{/user},https://api.github.com/repos/symfony/Routing/branches{/branch},https://api.github.com/repos/symfony/Routing/tags,https://api.github.com/repos/symfony/Routing/git/blobs{/sha},https://api.github.com/repos/symfony/Routing/git/tags{/sha},https://api.github.com/repos/symfony/Routing/git/refs{/sha},https://api.github.com/repos/symfony/Routing/git/trees{/sha},https://api.github.com/repos/symfony/Routing/statuses/{sha},https://api.github.com/repos/symfony/Routing/languages,https://api.github.com/repos/symfony/Routing/stargazers,https://api.github.com/repos/symfony/Routing/contributors,https://api.github.com/repos/symfony/Routing/subscribers,https://api.github.com/repos/symfony/Routing/subscription,https://api.github.com/repos/symfony/Routing/commits{/sha},https://api.github.com/repos/symfony/Routing/git/commits{/sha},https://api.github.com/repos/symfony/Routing/comments{/number},https://api.github.com/repos/symfony/Routing/issues/comments{/number},https://api.github.com/repos/symfony/Routing/contents/{+path},https://api.github.com/repos/symfony/Routing/compare/{base}...{head},https://api.github.com/repos/symfony/Routing/merges,https://api.github.com/repos/symfony/Routing/{archive_format}{/ref},https://api.github.com/repos/symfony/Routing/downloads,https://api.github.com/repos/symfony/Routing/issues{/number},https://api.github.com/repos/symfony/Routing/pulls{/number},https://api.github.com/repos/symfony/Routing/milestones{/number},"https://api.github.com/repos/symfony/Routing/notifications{?since,all,participating}",https://api.github.com/repos/symfony/Routing/labels{/name},https://api.github.com/repos/symfony/Routing/releases{/id},2011-02-22T18:04:52Z,2015-02-21T14:12:10Z,2015-02-24T13:24:05Z,git://github.com/symfony/Routing.git,git@github.com:symfony/Routing.git,https://github.com/symfony/Routing.git,https://github.com/symfony/Routing,http://symfony.com/,2582,47,47,PHP,,1,,,31,,0,31,0,47,master,Array
1398662,Security,symfony/Security,Array,,https://github.com/symfony/Security,"[READ-ONLY] Subtree split of the Symfony Security Component -- clone into Symfony/Component/ (master at symfony/symfony)",,https://api.github.com/repos/symfony/Security,https://api.github.com/repos/symfony/Security/forks,https://api.github.com/repos/symfony/Security/keys{/key_id},https://api.github.com/repos/symfony/Security/collaborators{/collaborator},https://api.github.com/repos/symfony/Security/teams,https://api.github.com/repos/symfony/Security/hooks,https://api.github.com/repos/symfony/Security/issues/events{/number},https://api.github.com/repos/symfony/Security/events,https://api.github.com/repos/symfony/Security/assignees{/user},https://api.github.com/repos/symfony/Security/branches{/branch},https://api.github.com/repos/symfony/Security/tags,https://api.github.com/repos/symfony/Security/git/blobs{/sha},https://api.github.com/repos/symfony/Security/git/tags{/sha},https://api.github.com/repos/symfony/Security/git/refs{/sha},https://api.github.com/repos/symfony/Security/git/trees{/sha},https://api.github.com/repos/symfony/Security/statuses/{sha},https://api.github.com/repos/symfony/Security/languages,https://api.github.com/repos/symfony/Security/stargazers,https://api.github.com/repos/symfony/Security/contributors,https://api.github.com/repos/symfony/Security/subscribers,https://api.github.com/repos/symfony/Security/subscription,https://api.github.com/repos/symfony/Security/commits{/sha},https://api.github.com/repos/symfony/Security/git/commits{/sha},https://api.github.com/repos/symfony/Security/comments{/number},https://api.github.com/repos/symfony/Security/issues/comments{/number},https://api.github.com/repos/symfony/Security/contents/{+path},https://api.github.com/repos/symfony/Security/compare/{base}...{head},https://api.github.com/repos/symfony/Security/merges,https://api.github.com/repos/symfony/Security/{archive_format}{/ref},https://api.github.com/repos/symfony/Security/downloads,https://api.github.com/repos/symfony/Security/issues{/number},https://api.github.com/repos/symfony/Security/pulls{/number},https://api.github.com/repos/symfony/Security/milestones{/number},"https://api.github.com/repos/symfony/Security/notifications{?since,all,participating}",https://api.github.com/repos/symfony/Security/labels{/name},https://api.github.com/repos/symfony/Security/releases{/id},2011-02-22T18:05:11Z,2015-03-08T18:22:16Z,2015-03-12T17:55:38Z,git://github.com/symfony/Security.git,git@github.com:symfony/Security.git,https://github.com/symfony/Security.git,https://github.com/symfony/Security,http://symfony.com/,4337,33,33,PHP,,1,,,23,,0,23,0,33,master,Array
1398663,Serializer,symfony/Serializer,Array,,https://github.com/symfony/Serializer,"[READ-ONLY] Subtree split of the Symfony Serializer Component -- clone into Symfony/Component/ (master at symfony/symfony)",,https://api.github.com/repos/symfony/Serializer,https://api.github.com/repos/symfony/Serializer/forks,https://api.github.com/repos/symfony/Serializer/keys{/key_id},https://api.github.com/repos/symfony/Serializer/collaborators{/collaborator},https://api.github.com/repos/symfony/Serializer/teams,https://api.github.com/repos/symfony/Serializer/hooks,https://api.github.com/repos/symfony/Serializer/issues/events{/number},https://api.github.com/repos/symfony/Serializer/events,https://api.github.com/repos/symfony/Serializer/assignees{/user},https://api.github.com/repos/symfony/Serializer/branches{/branch},https://api.github.com/repos/symfony/Serializer/tags,https://api.github.com/repos/symfony/Serializer/git/blobs{/sha},https://api.github.com/repos/symfony/Serializer/git/tags{/sha},https://api.github.com/repos/symfony/Serializer/git/refs{/sha},https://api.github.com/repos/symfony/Serializer/git/trees{/sha},https://api.github.com/repos/symfony/Serializer/statuses/{sha},https://api.github.com/repos/symfony/Serializer/languages,https://api.github.com/repos/symfony/Serializer/stargazers,https://api.github.com/repos/symfony/Serializer/contributors,https://api.github.com/repos/symfony/Serializer/subscribers,https://api.github.com/repos/symfony/Serializer/subscription,https://api.github.com/repos/symfony/Serializer/commits{/sha},https://api.github.com/repos/symfony/Serializer/git/commits{/sha},https://api.github.com/repos/symfony/Serializer/comments{/number},https://api.github.com/repos/symfony/Serializer/issues/comments{/number},https://api.github.com/repos/symfony/Serializer/contents/{+path},https://api.github.com/repos/symfony/Serializer/compare/{base}...{head},https://api.github.com/repos/symfony/Serializer/merges,https://api.github.com/repos/symfony/Serializer/{archive_format}{/ref},https://api.github.com/repos/symfony/Serializer/downloads,https://api.github.com/repos/symfony/Serializer/issues{/number},https://api.github.com/repos/symfony/Serializer/pulls{/number},https://api.github.com/repos/symfony/Serializer/milestones{/number},"https://api.github.com/repos/symfony/Serializer/notifications{?since,all,participating}",https://api.github.com/repos/symfony/Serializer/labels{/name},https://api.github.com/repos/symfony/Serializer/releases{/id},2011-02-22T18:05:37Z,2015-03-07T08:08:52Z,2015-03-07T08:08:52Z,git://github.com/symfony/Serializer.git,git@github.com:symfony/Serializer.git,https://github.com/symfony/Serializer.git,https://github.com/symfony/Serializer,http://symfony.com/,2508,19,19,PHP,,1,,,9,,0,9,0,19,master,Array
1398668,Templating,symfony/Templating,Array,,https://github.com/symfony/Templating,"[READ-ONLY] Subtree split of the Symfony Templating Component -- clone into Symfony/Component/ (master at symfony/symfony)",,https://api.github.com/repos/symfony/Templating,https://api.github.com/repos/symfony/Templating/forks,https://api.github.com/repos/symfony/Templating/keys{/key_id},https://api.github.com/repos/symfony/Templating/collaborators{/collaborator},https://api.github.com/repos/symfony/Templating/teams,https://api.github.com/repos/symfony/Templating/hooks,https://api.github.com/repos/symfony/Templating/issues/events{/number},https://api.github.com/repos/symfony/Templating/events,https://api.github.com/repos/symfony/Templating/assignees{/user},https://api.github.com/repos/symfony/Templating/branches{/branch},https://api.github.com/repos/symfony/Templating/tags,https://api.github.com/repos/symfony/Templating/git/blobs{/sha},https://api.github.com/repos/symfony/Templating/git/tags{/sha},https://api.github.com/repos/symfony/Templating/git/refs{/sha},https://api.github.com/repos/symfony/Templating/git/trees{/sha},https://api.github.com/repos/symfony/Templating/statuses/{sha},https://api.github.com/repos/symfony/Templating/languages,https://api.github.com/repos/symfony/Templating/stargazers,https://api.github.com/repos/symfony/Templating/contributors,https://api.github.com/repos/symfony/Templating/subscribers,https://api.github.com/repos/symfony/Templating/subscription,https://api.github.com/repos/symfony/Templating/commits{/sha},https://api.github.com/repos/symfony/Templating/git/commits{/sha},https://api.github.com/repos/symfony/Templating/comments{/number},https://api.github.com/repos/symfony/Templating/issues/comments{/number},https://api.github.com/repos/symfony/Templating/contents/{+path},https://api.github.com/repos/symfony/Templating/compare/{base}...{head},https://api.github.com/repos/symfony/Templating/merges,https://api.github.com/repos/symfony/Templating/{archive_format}{/ref},https://api.github.com/repos/symfony/Templating/downloads,https://api.github.com/repos/symfony/Templating/issues{/number},https://api.github.com/repos/symfony/Templating/pulls{/number},https://api.github.com/repos/symfony/Templating/milestones{/number},"https://api.github.com/repos/symfony/Templating/notifications{?since,all,participating}",https://api.github.com/repos/symfony/Templating/labels{/name},https://api.github.com/repos/symfony/Templating/releases{/id},2011-02-22T18:07:06Z,2015-02-26T00:37:01Z,2015-02-24T13:53:35Z,git://github.com/symfony/Templating.git,git@github.com:symfony/Templating.git,https://github.com/symfony/Templating.git,https://github.com/symfony/Templating,http://symfony.com/,992,16,16,PHP,,1,,,8,,0,8,0,16,master,Array
1398671,Translation,symfony/Translation,Array,,https://github.com/symfony/Translation,"[READ-ONLY] Subtree split of the Symfony Translation Component -- clone into Symfony/Component/ (master at symfony/symfony)",,https://api.github.com/repos/symfony/Translation,https://api.github.com/repos/symfony/Translation/forks,https://api.github.com/repos/symfony/Translation/keys{/key_id},https://api.github.com/repos/symfony/Translation/collaborators{/collaborator},https://api.github.com/repos/symfony/Translation/teams,https://api.github.com/repos/symfony/Translation/hooks,https://api.github.com/repos/symfony/Translation/issues/events{/number},https://api.github.com/repos/symfony/Translation/events,https://api.github.com/repos/symfony/Translation/assignees{/user},https://api.github.com/repos/symfony/Translation/branches{/branch},https://api.github.com/repos/symfony/Translation/tags,https://api.github.com/repos/symfony/Translation/git/blobs{/sha},https://api.github.com/repos/symfony/Translation/git/tags{/sha},https://api.github.com/repos/symfony/Translation/git/refs{/sha},https://api.github.com/repos/symfony/Translation/git/trees{/sha},https://api.github.com/repos/symfony/Translation/statuses/{sha},https://api.github.com/repos/symfony/Translation/languages,https://api.github.com/repos/symfony/Translation/stargazers,https://api.github.com/repos/symfony/Translation/contributors,https://api.github.com/repos/symfony/Translation/subscribers,https://api.github.com/repos/symfony/Translation/subscription,https://api.github.com/repos/symfony/Translation/commits{/sha},https://api.github.com/repos/symfony/Translation/git/commits{/sha},https://api.github.com/repos/symfony/Translation/comments{/number},https://api.github.com/repos/symfony/Translation/issues/comments{/number},https://api.github.com/repos/symfony/Translation/contents/{+path},https://api.github.com/repos/symfony/Translation/compare/{base}...{head},https://api.github.com/repos/symfony/Translation/merges,https://api.github.com/repos/symfony/Translation/{archive_format}{/ref},https://api.github.com/repos/symfony/Translation/downloads,https://api.github.com/repos/symfony/Translation/issues{/number},https://api.github.com/repos/symfony/Translation/pulls{/number},https://api.github.com/repos/symfony/Translation/milestones{/number},"https://api.github.com/repos/symfony/Translation/notifications{?since,all,participating}",https://api.github.com/repos/symfony/Translation/labels{/name},https://api.github.com/repos/symfony/Translation/releases{/id},2011-02-22T18:07:25Z,2015-03-07T08:51:27Z,2015-03-07T08:51:27Z,git://github.com/symfony/Translation.git,git@github.com:symfony/Translation.git,https://github.com/symfony/Translation.git,https://github.com/symfony/Translation,http://symfony.com/,1705,18,18,PHP,,1,,,11,,0,11,0,18,master,Array
1566874,TwigBridge,symfony/TwigBridge,Array,,https://github.com/symfony/TwigBridge,"[READ-ONLY] Subtree split of the Symfony Twig Bridge -- clone into Symfony/Bridge/Twig (master at symfony/symfony)",,https://api.github.com/repos/symfony/TwigBridge,https://api.github.com/repos/symfony/TwigBridge/forks,https://api.github.com/repos/symfony/TwigBridge/keys{/key_id},https://api.github.com/repos/symfony/TwigBridge/collaborators{/collaborator},https://api.github.com/repos/symfony/TwigBridge/teams,https://api.github.com/repos/symfony/TwigBridge/hooks,https://api.github.com/repos/symfony/TwigBridge/issues/events{/number},https://api.github.com/repos/symfony/TwigBridge/events,https://api.github.com/repos/symfony/TwigBridge/assignees{/user},https://api.github.com/repos/symfony/TwigBridge/branches{/branch},https://api.github.com/repos/symfony/TwigBridge/tags,https://api.github.com/repos/symfony/TwigBridge/git/blobs{/sha},https://api.github.com/repos/symfony/TwigBridge/git/tags{/sha},https://api.github.com/repos/symfony/TwigBridge/git/refs{/sha},https://api.github.com/repos/symfony/TwigBridge/git/trees{/sha},https://api.github.com/repos/symfony/TwigBridge/statuses/{sha},https://api.github.com/repos/symfony/TwigBridge/languages,https://api.github.com/repos/symfony/TwigBridge/stargazers,https://api.github.com/repos/symfony/TwigBridge/contributors,https://api.github.com/repos/symfony/TwigBridge/subscribers,https://api.github.com/repos/symfony/TwigBridge/subscription,https://api.github.com/repos/symfony/TwigBridge/commits{/sha},https://api.github.com/repos/symfony/TwigBridge/git/commits{/sha},https://api.github.com/repos/symfony/TwigBridge/comments{/number},https://api.github.com/repos/symfony/TwigBridge/issues/comments{/number},https://api.github.com/repos/symfony/TwigBridge/contents/{+path},https://api.github.com/repos/symfony/TwigBridge/compare/{base}...{head},https://api.github.com/repos/symfony/TwigBridge/merges,https://api.github.com/repos/symfony/TwigBridge/{archive_format}{/ref},https://api.github.com/repos/symfony/TwigBridge/downloads,https://api.github.com/repos/symfony/TwigBridge/issues{/number},https://api.github.com/repos/symfony/TwigBridge/pulls{/number},https://api.github.com/repos/symfony/TwigBridge/milestones{/number},"https://api.github.com/repos/symfony/TwigBridge/notifications{?since,all,participating}",https://api.github.com/repos/symfony/TwigBridge/labels{/name},https://api.github.com/repos/symfony/TwigBridge/releases{/id},2011-04-04T12:41:46Z,2015-03-07T08:12:52Z,2015-03-12T14:57:38Z,git://github.com/symfony/TwigBridge.git,git@github.com:symfony/TwigBridge.git,https://github.com/symfony/TwigBridge.git,https://github.com/symfony/TwigBridge,symfony.com,1954,8,8,PHP,,1,,,11,,0,11,0,8,master,Array
1398672,Validator,symfony/Validator,Array,,https://github.com/symfony/Validator,"[READ-ONLY] Subtree split of the Symfony Validator Component -- clone into Symfony/Component/ (master at symfony/symfony)",,https://api.github.com/repos/symfony/Validator,https://api.github.com/repos/symfony/Validator/forks,https://api.github.com/repos/symfony/Validator/keys{/key_id},https://api.github.com/repos/symfony/Validator/collaborators{/collaborator},https://api.github.com/repos/symfony/Validator/teams,https://api.github.com/repos/symfony/Validator/hooks,https://api.github.com/repos/symfony/Validator/issues/events{/number},https://api.github.com/repos/symfony/Validator/events,https://api.github.com/repos/symfony/Validator/assignees{/user},https://api.github.com/repos/symfony/Validator/branches{/branch},https://api.github.com/repos/symfony/Validator/tags,https://api.github.com/repos/symfony/Validator/git/blobs{/sha},https://api.github.com/repos/symfony/Validator/git/tags{/sha},https://api.github.com/repos/symfony/Validator/git/refs{/sha},https://api.github.com/repos/symfony/Validator/git/trees{/sha},https://api.github.com/repos/symfony/Validator/statuses/{sha},https://api.github.com/repos/symfony/Validator/languages,https://api.github.com/repos/symfony/Validator/stargazers,https://api.github.com/repos/symfony/Validator/contributors,https://api.github.com/repos/symfony/Validator/subscribers,https://api.github.com/repos/symfony/Validator/subscription,https://api.github.com/repos/symfony/Validator/commits{/sha},https://api.github.com/repos/symfony/Validator/git/commits{/sha},https://api.github.com/repos/symfony/Validator/comments{/number},https://api.github.com/repos/symfony/Validator/issues/comments{/number},https://api.github.com/repos/symfony/Validator/contents/{+path},https://api.github.com/repos/symfony/Validator/compare/{base}...{head},https://api.github.com/repos/symfony/Validator/merges,https://api.github.com/repos/symfony/Validator/{archive_format}{/ref},https://api.github.com/repos/symfony/Validator/downloads,https://api.github.com/repos/symfony/Validator/issues{/number},https://api.github.com/repos/symfony/Validator/pulls{/number},https://api.github.com/repos/symfony/Validator/milestones{/number},"https://api.github.com/repos/symfony/Validator/notifications{?since,all,participating}",https://api.github.com/repos/symfony/Validator/labels{/name},https://api.github.com/repos/symfony/Validator/releases{/id},2011-02-22T18:07:41Z,2015-03-07T08:25:52Z,2015-03-12T15:02:44Z,git://github.com/symfony/Validator.git,git@github.com:symfony/Validator.git,https://github.com/symfony/Validator.git,https://github.com/symfony/Validator,http://symfony.com/,6710,58,58,PHP,,1,,,34,,3,34,3,58,master,Array
1381983,Yaml,symfony/Yaml,Array,,https://github.com/symfony/Yaml,"[READ-ONLY] Subtree split of the Symfony YAML Component -- clone into Symfony/Component/ (master at symfony/symfony)",,https://api.github.com/repos/symfony/Yaml,https://api.github.com/repos/symfony/Yaml/forks,https://api.github.com/repos/symfony/Yaml/keys{/key_id},https://api.github.com/repos/symfony/Yaml/collaborators{/collaborator},https://api.github.com/repos/symfony/Yaml/teams,https://api.github.com/repos/symfony/Yaml/hooks,https://api.github.com/repos/symfony/Yaml/issues/events{/number},https://api.github.com/repos/symfony/Yaml/events,https://api.github.com/repos/symfony/Yaml/assignees{/user},https://api.github.com/repos/symfony/Yaml/branches{/branch},https://api.github.com/repos/symfony/Yaml/tags,https://api.github.com/repos/symfony/Yaml/git/blobs{/sha},https://api.github.com/repos/symfony/Yaml/git/tags{/sha},https://api.github.com/repos/symfony/Yaml/git/refs{/sha},https://api.github.com/repos/symfony/Yaml/git/trees{/sha},https://api.github.com/repos/symfony/Yaml/statuses/{sha},https://api.github.com/repos/symfony/Yaml/languages,https://api.github.com/repos/symfony/Yaml/stargazers,https://api.github.com/repos/symfony/Yaml/contributors,https://api.github.com/repos/symfony/Yaml/subscribers,https://api.github.com/repos/symfony/Yaml/subscription,https://api.github.com/repos/symfony/Yaml/commits{/sha},https://api.github.com/repos/symfony/Yaml/git/commits{/sha},https://api.github.com/repos/symfony/Yaml/comments{/number},https://api.github.com/repos/symfony/Yaml/issues/comments{/number},https://api.github.com/repos/symfony/Yaml/contents/{+path},https://api.github.com/repos/symfony/Yaml/compare/{base}...{head},https://api.github.com/repos/symfony/Yaml/merges,https://api.github.com/repos/symfony/Yaml/{archive_format}{/ref},https://api.github.com/repos/symfony/Yaml/downloads,https://api.github.com/repos/symfony/Yaml/issues{/number},https://api.github.com/repos/symfony/Yaml/pulls{/number},https://api.github.com/repos/symfony/Yaml/milestones{/number},"https://api.github.com/repos/symfony/Yaml/notifications{?since,all,participating}",https://api.github.com/repos/symfony/Yaml/labels{/name},https://api.github.com/repos/symfony/Yaml/releases{/id},2011-02-18T10:47:20Z,2015-03-11T09:58:30Z,2015-03-12T14:47:15Z,git://github.com/symfony/Yaml.git,git@github.com:symfony/Yaml.git,https://github.com/symfony/Yaml.git,https://github.com/symfony/Yaml,http://symfony.com/,2834,142,142,PHP,,1,,,59,,1,59,1,142,master,Array
458058,symfony,symfony/symfony,Array,,https://github.com/symfony/symfony,"The Symfony PHP framework",,https://api.github.com/repos/symfony/symfony,https://api.github.com/repos/symfony/symfony/forks,https://api.github.com/repos/symfony/symfony/keys{/key_id},https://api.github.com/repos/symfony/symfony/collaborators{/collaborator},https://api.github.com/repos/symfony/symfony/teams,https://api.github.com/repos/symfony/symfony/hooks,https://api.github.com/repos/symfony/symfony/issues/events{/number},https://api.github.com/repos/symfony/symfony/events,https://api.github.com/repos/symfony/symfony/assignees{/user},https://api.github.com/repos/symfony/symfony/branches{/branch},https://api.github.com/repos/symfony/symfony/tags,https://api.github.com/repos/symfony/symfony/git/blobs{/sha},https://api.github.com/repos/symfony/symfony/git/tags{/sha},https://api.github.com/repos/symfony/symfony/git/refs{/sha},https://api.github.com/repos/symfony/symfony/git/trees{/sha},https://api.github.com/repos/symfony/symfony/statuses/{sha},https://api.github.com/repos/symfony/symfony/languages,https://api.github.com/repos/symfony/symfony/stargazers,https://api.github.com/repos/symfony/symfony/contributors,https://api.github.com/repos/symfony/symfony/subscribers,https://api.github.com/repos/symfony/symfony/subscription,https://api.github.com/repos/symfony/symfony/commits{/sha},https://api.github.com/repos/symfony/symfony/git/commits{/sha},https://api.github.com/repos/symfony/symfony/comments{/number},https://api.github.com/repos/symfony/symfony/issues/comments{/number},https://api.github.com/repos/symfony/symfony/contents/{+path},https://api.github.com/repos/symfony/symfony/compare/{base}...{head},https://api.github.com/repos/symfony/symfony/merges,https://api.github.com/repos/symfony/symfony/{archive_format}{/ref},https://api.github.com/repos/symfony/symfony/downloads,https://api.github.com/repos/symfony/symfony/issues{/number},https://api.github.com/repos/symfony/symfony/pulls{/number},https://api.github.com/repos/symfony/symfony/milestones{/number},"https://api.github.com/repos/symfony/symfony/notifications{?since,all,participating}",https://api.github.com/repos/symfony/symfony/labels{/name},https://api.github.com/repos/symfony/symfony/releases{/id},2010-01-04T14:21:21Z,2015-03-12T14:47:34Z,2015-03-12T17:52:08Z,git://github.com/symfony/symfony.git,git@github.com:symfony/symfony.git,https://github.com/symfony/symfony.git,https://github.com/symfony/symfony,symfony.com,205723,9812,9812,PHP,1,,,,3837,,764,3837,764,9812,2.7,Array
521583,symfony-docs,symfony/symfony-docs,Array,,https://github.com/symfony/symfony-docs,"The Symfony2 documentation",,https://api.github.com/repos/symfony/symfony-docs,https://api.github.com/repos/symfony/symfony-docs/forks,https://api.github.com/repos/symfony/symfony-docs/keys{/key_id},https://api.github.com/repos/symfony/symfony-docs/collaborators{/collaborator},https://api.github.com/repos/symfony/symfony-docs/teams,https://api.github.com/repos/symfony/symfony-docs/hooks,https://api.github.com/repos/symfony/symfony-docs/issues/events{/number},https://api.github.com/repos/symfony/symfony-docs/events,https://api.github.com/repos/symfony/symfony-docs/assignees{/user},https://api.github.com/repos/symfony/symfony-docs/branches{/branch},https://api.github.com/repos/symfony/symfony-docs/tags,https://api.github.com/repos/symfony/symfony-docs/git/blobs{/sha},https://api.github.com/repos/symfony/symfony-docs/git/tags{/sha},https://api.github.com/repos/symfony/symfony-docs/git/refs{/sha},https://api.github.com/repos/symfony/symfony-docs/git/trees{/sha},https://api.github.com/repos/symfony/symfony-docs/statuses/{sha},https://api.github.com/repos/symfony/symfony-docs/languages,https://api.github.com/repos/symfony/symfony-docs/stargazers,https://api.github.com/repos/symfony/symfony-docs/contributors,https://api.github.com/repos/symfony/symfony-docs/subscribers,https://api.github.com/repos/symfony/symfony-docs/subscription,https://api.github.com/repos/symfony/symfony-docs/commits{/sha},https://api.github.com/repos/symfony/symfony-docs/git/commits{/sha},https://api.github.com/repos/symfony/symfony-docs/comments{/number},https://api.github.com/repos/symfony/symfony-docs/issues/comments{/number},https://api.github.com/repos/symfony/symfony-docs/contents/{+path},https://api.github.com/repos/symfony/symfony-docs/compare/{base}...{head},https://api.github.com/repos/symfony/symfony-docs/merges,https://api.github.com/repos/symfony/symfony-docs/{archive_format}{/ref},https://api.github.com/repos/symfony/symfony-docs/downloads,https://api.github.com/repos/symfony/symfony-docs/issues{/number},https://api.github.com/repos/symfony/symfony-docs/pulls{/number},https://api.github.com/repos/symfony/symfony-docs/milestones{/number},"https://api.github.com/repos/symfony/symfony-docs/notifications{?since,all,participating}",https://api.github.com/repos/symfony/symfony-docs/labels{/name},https://api.github.com/repos/symfony/symfony-docs/releases{/id},2010-02-17T08:43:51Z,2015-03-12T00:15:17Z,2015-03-10T00:03:19Z,git://github.com/symfony/symfony-docs.git,git@github.com:symfony/symfony-docs.git,https://github.com/symfony/symfony-docs.git,https://github.com/symfony/symfony-docs,http://symfony.com/doc/current/,56806,960,960,Python,1,,,,1743,,322,1743,322,960,2.7,Array
1463018,symfony-hello-world,symfony/symfony-hello-world,Array,,https://github.com/symfony/symfony-hello-world,"The ""Symfony Hello World Edition"" distribution (to be used for benchmarks)",,https://api.github.com/repos/symfony/symfony-hello-world,https://api.github.com/repos/symfony/symfony-hello-world/forks,https://api.github.com/repos/symfony/symfony-hello-world/keys{/key_id},https://api.github.com/repos/symfony/symfony-hello-world/collaborators{/collaborator},https://api.github.com/repos/symfony/symfony-hello-world/teams,https://api.github.com/repos/symfony/symfony-hello-world/hooks,https://api.github.com/repos/symfony/symfony-hello-world/issues/events{/number},https://api.github.com/repos/symfony/symfony-hello-world/events,https://api.github.com/repos/symfony/symfony-hello-world/assignees{/user},https://api.github.com/repos/symfony/symfony-hello-world/branches{/branch},https://api.github.com/repos/symfony/symfony-hello-world/tags,https://api.github.com/repos/symfony/symfony-hello-world/git/blobs{/sha},https://api.github.com/repos/symfony/symfony-hello-world/git/tags{/sha},https://api.github.com/repos/symfony/symfony-hello-world/git/refs{/sha},https://api.github.com/repos/symfony/symfony-hello-world/git/trees{/sha},https://api.github.com/repos/symfony/symfony-hello-world/statuses/{sha},https://api.github.com/repos/symfony/symfony-hello-world/languages,https://api.github.com/repos/symfony/symfony-hello-world/stargazers,https://api.github.com/repos/symfony/symfony-hello-world/contributors,https://api.github.com/repos/symfony/symfony-hello-world/subscribers,https://api.github.com/repos/symfony/symfony-hello-world/subscription,https://api.github.com/repos/symfony/symfony-hello-world/commits{/sha},https://api.github.com/repos/symfony/symfony-hello-world/git/commits{/sha},https://api.github.com/repos/symfony/symfony-hello-world/comments{/number},https://api.github.com/repos/symfony/symfony-hello-world/issues/comments{/number},https://api.github.com/repos/symfony/symfony-hello-world/contents/{+path},https://api.github.com/repos/symfony/symfony-hello-world/compare/{base}...{head},https://api.github.com/repos/symfony/symfony-hello-world/merges,https://api.github.com/repos/symfony/symfony-hello-world/{archive_format}{/ref},https://api.github.com/repos/symfony/symfony-hello-world/downloads,https://api.github.com/repos/symfony/symfony-hello-world/issues{/number},https://api.github.com/repos/symfony/symfony-hello-world/pulls{/number},https://api.github.com/repos/symfony/symfony-hello-world/milestones{/number},"https://api.github.com/repos/symfony/symfony-hello-world/notifications{?since,all,participating}",https://api.github.com/repos/symfony/symfony-hello-world/labels{/name},https://api.github.com/repos/symfony/symfony-hello-world/releases{/id},2011-03-10T10:20:21Z,2014-12-20T07:20:36Z,2014-12-20T07:20:36Z,git://github.com/symfony/symfony-hello-world.git,git@github.com:symfony/symfony-hello-world.git,https://github.com/symfony/symfony-hello-world.git,https://github.com/symfony/symfony-hello-world,symfony.com,157,25,25,Shell,1,1,1,,7,,0,7,0,25,master,Array
1447039,symfony-standard,symfony/symfony-standard,Array,,https://github.com/symfony/symfony-standard,"The ""Symfony Standard Edition"" distribution",,https://api.github.com/repos/symfony/symfony-standard,https://api.github.com/repos/symfony/symfony-standard/forks,https://api.github.com/repos/symfony/symfony-standard/keys{/key_id},https://api.github.com/repos/symfony/symfony-standard/collaborators{/collaborator},https://api.github.com/repos/symfony/symfony-standard/teams,https://api.github.com/repos/symfony/symfony-standard/hooks,https://api.github.com/repos/symfony/symfony-standard/issues/events{/number},https://api.github.com/repos/symfony/symfony-standard/events,https://api.github.com/repos/symfony/symfony-standard/assignees{/user},https://api.github.com/repos/symfony/symfony-standard/branches{/branch},https://api.github.com/repos/symfony/symfony-standard/tags,https://api.github.com/repos/symfony/symfony-standard/git/blobs{/sha},https://api.github.com/repos/symfony/symfony-standard/git/tags{/sha},https://api.github.com/repos/symfony/symfony-standard/git/refs{/sha},https://api.github.com/repos/symfony/symfony-standard/git/trees{/sha},https://api.github.com/repos/symfony/symfony-standard/statuses/{sha},https://api.github.com/repos/symfony/symfony-standard/languages,https://api.github.com/repos/symfony/symfony-standard/stargazers,https://api.github.com/repos/symfony/symfony-standard/contributors,https://api.github.com/repos/symfony/symfony-standard/subscribers,https://api.github.com/repos/symfony/symfony-standard/subscription,https://api.github.com/repos/symfony/symfony-standard/commits{/sha},https://api.github.com/repos/symfony/symfony-standard/git/commits{/sha},https://api.github.com/repos/symfony/symfony-standard/comments{/number},https://api.github.com/repos/symfony/symfony-standard/issues/comments{/number},https://api.github.com/repos/symfony/symfony-standard/contents/{+path},https://api.github.com/repos/symfony/symfony-standard/compare/{base}...{head},https://api.github.com/repos/symfony/symfony-standard/merges,https://api.github.com/repos/symfony/symfony-standard/{archive_format}{/ref},https://api.github.com/repos/symfony/symfony-standard/downloads,https://api.github.com/repos/symfony/symfony-standard/issues{/number},https://api.github.com/repos/symfony/symfony-standard/pulls{/number},https://api.github.com/repos/symfony/symfony-standard/milestones{/number},"https://api.github.com/repos/symfony/symfony-standard/notifications{?since,all,participating}",https://api.github.com/repos/symfony/symfony-standard/labels{/name},https://api.github.com/repos/symfony/symfony-standard/releases{/id},2011-03-06T17:58:20Z,2015-03-11T21:14:12Z,2015-03-02T12:26:31Z,git://github.com/symfony/symfony-standard.git,git@github.com:symfony/symfony-standard.git,https://github.com/symfony/symfony-standard.git,https://github.com/symfony/symfony-standard,symfony.com,4491,1151,1151,PHP,1,1,,,912,,17,912,17,1151,2.7,Array
821835,symfony1,symfony/symfony1,Array,,https://github.com/symfony/symfony1,"The official Git mirror for symfony 1.x",,https://api.github.com/repos/symfony/symfony1,https://api.github.com/repos/symfony/symfony1/forks,https://api.github.com/repos/symfony/symfony1/keys{/key_id},https://api.github.com/repos/symfony/symfony1/collaborators{/collaborator},https://api.github.com/repos/symfony/symfony1/teams,https://api.github.com/repos/symfony/symfony1/hooks,https://api.github.com/repos/symfony/symfony1/issues/events{/number},https://api.github.com/repos/symfony/symfony1/events,https://api.github.com/repos/symfony/symfony1/assignees{/user},https://api.github.com/repos/symfony/symfony1/branches{/branch},https://api.github.com/repos/symfony/symfony1/tags,https://api.github.com/repos/symfony/symfony1/git/blobs{/sha},https://api.github.com/repos/symfony/symfony1/git/tags{/sha},https://api.github.com/repos/symfony/symfony1/git/refs{/sha},https://api.github.com/repos/symfony/symfony1/git/trees{/sha},https://api.github.com/repos/symfony/symfony1/statuses/{sha},https://api.github.com/repos/symfony/symfony1/languages,https://api.github.com/repos/symfony/symfony1/stargazers,https://api.github.com/repos/symfony/symfony1/contributors,https://api.github.com/repos/symfony/symfony1/subscribers,https://api.github.com/repos/symfony/symfony1/subscription,https://api.github.com/repos/symfony/symfony1/commits{/sha},https://api.github.com/repos/symfony/symfony1/git/commits{/sha},https://api.github.com/repos/symfony/symfony1/comments{/number},https://api.github.com/repos/symfony/symfony1/issues/comments{/number},https://api.github.com/repos/symfony/symfony1/contents/{+path},https://api.github.com/repos/symfony/symfony1/compare/{base}...{head},https://api.github.com/repos/symfony/symfony1/merges,https://api.github.com/repos/symfony/symfony1/{archive_format}{/ref},https://api.github.com/repos/symfony/symfony1/downloads,https://api.github.com/repos/symfony/symfony1/issues{/number},https://api.github.com/repos/symfony/symfony1/pulls{/number},https://api.github.com/repos/symfony/symfony1/milestones{/number},"https://api.github.com/repos/symfony/symfony1/notifications{?since,all,participating}",https://api.github.com/repos/symfony/symfony1/labels{/name},https://api.github.com/repos/symfony/symfony1/releases{/id},2010-08-06T17:17:03Z,2015-01-31T18:05:22Z,2012-11-26T15:33:08Z,git://github.com/symfony/symfony1.git,git@github.com:symfony/symfony1.git,https://github.com/symfony/symfony1.git,https://github.com/symfony/symfony1,symfony-project.org,37645,186,186,PHP,,,,,136,,4,136,4,186,1.4,Array
591366,symfony1-docs,symfony/symfony1-docs,Array,,https://github.com/symfony/symfony1-docs,"Documentation for symfony 1.3/1.4",,https://api.github.com/repos/symfony/symfony1-docs,https://api.github.com/repos/symfony/symfony1-docs/forks,https://api.github.com/repos/symfony/symfony1-docs/keys{/key_id},https://api.github.com/repos/symfony/symfony1-docs/collaborators{/collaborator},https://api.github.com/repos/symfony/symfony1-docs/teams,https://api.github.com/repos/symfony/symfony1-docs/hooks,https://api.github.com/repos/symfony/symfony1-docs/issues/events{/number},https://api.github.com/repos/symfony/symfony1-docs/events,https://api.github.com/repos/symfony/symfony1-docs/assignees{/user},https://api.github.com/repos/symfony/symfony1-docs/branches{/branch},https://api.github.com/repos/symfony/symfony1-docs/tags,https://api.github.com/repos/symfony/symfony1-docs/git/blobs{/sha},https://api.github.com/repos/symfony/symfony1-docs/git/tags{/sha},https://api.github.com/repos/symfony/symfony1-docs/git/refs{/sha},https://api.github.com/repos/symfony/symfony1-docs/git/trees{/sha},https://api.github.com/repos/symfony/symfony1-docs/statuses/{sha},https://api.github.com/repos/symfony/symfony1-docs/languages,https://api.github.com/repos/symfony/symfony1-docs/stargazers,https://api.github.com/repos/symfony/symfony1-docs/contributors,https://api.github.com/repos/symfony/symfony1-docs/subscribers,https://api.github.com/repos/symfony/symfony1-docs/subscription,https://api.github.com/repos/symfony/symfony1-docs/commits{/sha},https://api.github.com/repos/symfony/symfony1-docs/git/commits{/sha},https://api.github.com/repos/symfony/symfony1-docs/comments{/number},https://api.github.com/repos/symfony/symfony1-docs/issues/comments{/number},https://api.github.com/repos/symfony/symfony1-docs/contents/{+path},https://api.github.com/repos/symfony/symfony1-docs/compare/{base}...{head},https://api.github.com/repos/symfony/symfony1-docs/merges,https://api.github.com/repos/symfony/symfony1-docs/{archive_format}{/ref},https://api.github.com/repos/symfony/symfony1-docs/downloads,https://api.github.com/repos/symfony/symfony1-docs/issues{/number},https://api.github.com/repos/symfony/symfony1-docs/pulls{/number},https://api.github.com/repos/symfony/symfony1-docs/milestones{/number},"https://api.github.com/repos/symfony/symfony1-docs/notifications{?since,all,participating}",https://api.github.com/repos/symfony/symfony1-docs/labels{/name},https://api.github.com/repos/symfony/symfony1-docs/releases{/id},2010-04-02T07:25:34Z,2014-09-24T13:00:15Z,2012-07-08T10:19:18Z,git://github.com/symfony/symfony1-docs.git,git@github.com:symfony/symfony1-docs.git,https://github.com/symfony/symfony1-docs.git,https://github.com/symfony/symfony1-docs,http://www.symfony-project.org/,31093,91,91,PHP,,,,,58,,0,58,0,91,master,Array
